{
  "ABIRoot": {
    "kind": "Root",
    "name": "TopLevel",
    "printedName": "TopLevel",
    "children": [
      {
        "kind": "Import",
        "name": "SwiftUI",
        "printedName": "SwiftUI",
        "declKind": "Import",
        "moduleName": "Instabug",
        "declAttributes": [
          "RawDocComment"
        ]
      },
      {
        "kind": "TypeDecl",
        "name": "InstabugSwiftUIViewController",
        "printedName": "InstabugSwiftUIViewController",
        "children": [
          {
            "kind": "Var",
            "name": "viewName",
            "printedName": "viewName",
            "children": [
              {
                "kind": "TypeNominal",
                "name": "Optional",
                "printedName": "Swift.String?",
                "children": [
                  {
                    "kind": "TypeNominal",
                    "name": "String",
                    "printedName": "Swift.String",
                    "usr": "s:SS"
                  }
                ],
                "usr": "s:Sq"
              }
            ],
            "declKind": "Var",
            "usr": "c:@M@Instabug@objc(cs)InstabugSwiftUIViewController(py)viewName",
            "mangledName": "$s8Instabug0A21SwiftUIViewControllerC8viewNameSSSgvp",
            "moduleName": "Instabug",
            "declAttributes": [
              "HasInitialValue",
              "Final",
              "Custom",
              "HasStorage",
              "AccessControl",
              "ObjC"
            ],
            "hasStorage": true,
            "accessors": [
              {
                "kind": "Accessor",
                "name": "Get",
                "printedName": "Get()",
                "children": [
                  {
                    "kind": "TypeNominal",
                    "name": "Optional",
                    "printedName": "Swift.String?",
                    "children": [
                      {
                        "kind": "TypeNominal",
                        "name": "String",
                        "printedName": "Swift.String",
                        "usr": "s:SS"
                      }
                    ],
                    "usr": "s:Sq"
                  }
                ],
                "declKind": "Accessor",
                "usr": "c:@M@Instabug@objc(cs)InstabugSwiftUIViewController(im)viewName",
                "mangledName": "$s8Instabug0A21SwiftUIViewControllerC8viewNameSSSgvg",
                "moduleName": "Instabug",
                "implicit": true,
                "declAttributes": [
                  "Final",
                  "ObjC"
                ],
                "accessorKind": "get"
              },
              {
                "kind": "Accessor",
                "name": "Set",
                "printedName": "Set()",
                "children": [
                  {
                    "kind": "TypeNominal",
                    "name": "Void",
                    "printedName": "()"
                  },
                  {
                    "kind": "TypeNominal",
                    "name": "Optional",
                    "printedName": "Swift.String?",
                    "children": [
                      {
                        "kind": "TypeNominal",
                        "name": "String",
                        "printedName": "Swift.String",
                        "usr": "s:SS"
                      }
                    ],
                    "usr": "s:Sq"
                  }
                ],
                "declKind": "Accessor",
                "usr": "c:@M@Instabug@objc(cs)InstabugSwiftUIViewController(im)setViewName:",
                "mangledName": "$s8Instabug0A21SwiftUIViewControllerC8viewNameSSSgvs",
                "moduleName": "Instabug",
                "implicit": true,
                "declAttributes": [
                  "Final",
                  "ObjC"
                ],
                "accessorKind": "set"
              },
              {
                "kind": "Accessor",
                "name": "Modify",
                "printedName": "Modify()",
                "children": [
                  {
                    "kind": "TypeNominal",
                    "name": "Void",
                    "printedName": "()"
                  }
                ],
                "declKind": "Accessor",
                "usr": "s:8Instabug0A21SwiftUIViewControllerC8viewNameSSSgvM",
                "mangledName": "$s8Instabug0A21SwiftUIViewControllerC8viewNameSSSgvM",
                "moduleName": "Instabug",
                "implicit": true,
                "declAttributes": [
                  "Final"
                ],
                "accessorKind": "_modify"
              }
            ]
          },
          {
            "kind": "Constructor",
            "name": "init",
            "printedName": "init(nibName:bundle:)",
            "children": [
              {
                "kind": "TypeNominal",
                "name": "InstabugSwiftUIViewController",
                "printedName": "Instabug.InstabugSwiftUIViewController",
                "usr": "c:@M@Instabug@objc(cs)InstabugSwiftUIViewController"
              },
              {
                "kind": "TypeNominal",
                "name": "Optional",
                "printedName": "Swift.String?",
                "children": [
                  {
                    "kind": "TypeNominal",
                    "name": "String",
                    "printedName": "Swift.String",
                    "usr": "s:SS"
                  }
                ],
                "usr": "s:Sq"
              },
              {
                "kind": "TypeNominal",
                "name": "Optional",
                "printedName": "Foundation.Bundle?",
                "children": [
                  {
                    "kind": "TypeNominal",
                    "name": "Bundle",
                    "printedName": "Foundation.Bundle",
                    "usr": "c:objc(cs)NSBundle"
                  }
                ],
                "usr": "s:Sq"
              }
            ],
            "declKind": "Constructor",
            "usr": "c:@M@Instabug@objc(cs)InstabugSwiftUIViewController(im)initWithNibName:bundle:",
            "mangledName": "$s8Instabug0A21SwiftUIViewControllerC7nibName6bundleACSSSg_So8NSBundleCSgtcfc",
            "moduleName": "Instabug",
            "overriding": true,
            "implicit": true,
            "objc_name": "initWithNibName:bundle:",
            "declAttributes": [
              "Dynamic",
              "ObjC",
              "Custom",
              "Override"
            ],
            "init_kind": "Designated"
          },
          {
            "kind": "Constructor",
            "name": "init",
            "printedName": "init(coder:)",
            "children": [
              {
                "kind": "TypeNominal",
                "name": "Optional",
                "printedName": "Instabug.InstabugSwiftUIViewController?",
                "children": [
                  {
                    "kind": "TypeNominal",
                    "name": "InstabugSwiftUIViewController",
                    "printedName": "Instabug.InstabugSwiftUIViewController",
                    "usr": "c:@M@Instabug@objc(cs)InstabugSwiftUIViewController"
                  }
                ],
                "usr": "s:Sq"
              },
              {
                "kind": "TypeNominal",
                "name": "NSCoder",
                "printedName": "Foundation.NSCoder",
                "usr": "c:objc(cs)NSCoder"
              }
            ],
            "declKind": "Constructor",
            "usr": "c:@M@Instabug@objc(cs)InstabugSwiftUIViewController(im)initWithCoder:",
            "mangledName": "$s8Instabug0A21SwiftUIViewControllerC5coderACSgSo7NSCoderC_tcfc",
            "moduleName": "Instabug",
            "overriding": true,
            "implicit": true,
            "objc_name": "initWithCoder:",
            "declAttributes": [
              "Dynamic",
              "ObjC",
              "Custom",
              "Required"
            ],
            "init_kind": "Designated"
          }
        ],
        "declKind": "Class",
        "usr": "c:@M@Instabug@objc(cs)InstabugSwiftUIViewController",
        "mangledName": "$s8Instabug0A21SwiftUIViewControllerC",
        "moduleName": "Instabug",
        "declAttributes": [
          "Custom",
          "Final",
          "AccessControl",
          "ObjC"
        ],
        "superclassUsr": "c:objc(cs)UIViewController",
        "inheritsConvenienceInitializers": true,
        "superclassNames": [
          "UIKit.UIViewController",
          "UIKit.UIResponder",
          "ObjectiveC.NSObject"
        ],
        "conformances": [
          {
            "kind": "Conformance",
            "name": "Equatable",
            "printedName": "Equatable",
            "usr": "s:SQ",
            "mangledName": "$sSQ"
          },
          {
            "kind": "Conformance",
            "name": "Hashable",
            "printedName": "Hashable",
            "usr": "s:SH",
            "mangledName": "$sSH"
          },
          {
            "kind": "Conformance",
            "name": "CVarArg",
            "printedName": "CVarArg",
            "usr": "s:s7CVarArgP",
            "mangledName": "$ss7CVarArgP"
          },
          {
            "kind": "Conformance",
            "name": "_KeyValueCodingAndObservingPublishing",
            "printedName": "_KeyValueCodingAndObservingPublishing",
            "usr": "s:10Foundation37_KeyValueCodingAndObservingPublishingP",
            "mangledName": "$s10Foundation37_KeyValueCodingAndObservingPublishingP"
          },
          {
            "kind": "Conformance",
            "name": "_KeyValueCodingAndObserving",
            "printedName": "_KeyValueCodingAndObserving",
            "usr": "s:10Foundation27_KeyValueCodingAndObservingP",
            "mangledName": "$s10Foundation27_KeyValueCodingAndObservingP"
          },
          {
            "kind": "Conformance",
            "name": "CustomStringConvertible",
            "printedName": "CustomStringConvertible",
            "usr": "s:s23CustomStringConvertibleP",
            "mangledName": "$ss23CustomStringConvertibleP"
          },
          {
            "kind": "Conformance",
            "name": "CustomDebugStringConvertible",
            "printedName": "CustomDebugStringConvertible",
            "usr": "s:s28CustomDebugStringConvertibleP",
            "mangledName": "$ss28CustomDebugStringConvertibleP"
          },
          {
            "kind": "Conformance",
            "name": "UITraitChangeObservable",
            "printedName": "UITraitChangeObservable",
            "usr": "s:5UIKit23UITraitChangeObservableP",
            "mangledName": "$s5UIKit23UITraitChangeObservableP"
          }
        ]
      },
      {
        "kind": "Import",
        "name": "SwiftUI",
        "printedName": "SwiftUI",
        "declKind": "Import",
        "moduleName": "Instabug",
        "declAttributes": [
          "RawDocComment"
        ]
      },
      {
        "kind": "TypeDecl",
        "name": "InstabugTracedView",
        "printedName": "InstabugTracedView",
        "children": [
          {
            "kind": "Constructor",
            "name": "init",
            "printedName": "init(name:content:)",
            "children": [
              {
                "kind": "TypeNominal",
                "name": "InstabugTracedView",
                "printedName": "Instabug.InstabugTracedView<τ_0_0>",
                "children": [
                  {
                    "kind": "TypeNominal",
                    "name": "GenericTypeParam",
                    "printedName": "τ_0_0"
                  }
                ],
                "usr": "s:8Instabug0A10TracedViewV"
              },
              {
                "kind": "TypeNominal",
                "name": "String",
                "printedName": "Swift.String",
                "usr": "s:SS"
              },
              {
                "kind": "TypeFunc",
                "name": "Function",
                "printedName": "() -> τ_0_0",
                "children": [
                  {
                    "kind": "TypeNominal",
                    "name": "GenericTypeParam",
                    "printedName": "τ_0_0"
                  },
                  {
                    "kind": "TypeNominal",
                    "name": "Void",
                    "printedName": "()"
                  }
                ],
                "typeAttributes": [
                  "noescape"
                ]
              }
            ],
            "declKind": "Constructor",
            "usr": "s:8Instabug0A10TracedViewV4name7contentACyxGSS_xyXEtcfc",
            "mangledName": "$s8Instabug0A10TracedViewV4name7contentACyxGSS_xyXEtcfc",
            "moduleName": "Instabug",
            "genericSig": "<τ_0_0 where τ_0_0 : SwiftUI.View>",
            "sugared_genericSig": "<Content where Content : SwiftUI.View>",
            "declAttributes": [
              "AccessControl"
            ],
            "init_kind": "Designated"
          },
          {
            "kind": "Var",
            "name": "body",
            "printedName": "body",
            "children": [
              {
                "kind": "TypeNominal",
                "name": "AnyView",
                "printedName": "SwiftUI.AnyView",
                "usr": "s:7SwiftUI7AnyViewV"
              }
            ],
            "declKind": "Var",
            "usr": "s:8Instabug0A10TracedViewV4bodyQrvp",
            "mangledName": "$s8Instabug0A10TracedViewV4bodyQrvp",
            "moduleName": "Instabug",
            "declAttributes": [
              "Custom",
              "AccessControl"
            ],
            "accessors": [
              {
                "kind": "Accessor",
                "name": "Get",
                "printedName": "Get()",
                "children": [
                  {
                    "kind": "TypeNominal",
                    "name": "AnyView",
                    "printedName": "SwiftUI.AnyView",
                    "usr": "s:7SwiftUI7AnyViewV"
                  }
                ],
                "declKind": "Accessor",
                "usr": "s:8Instabug0A10TracedViewV4bodyQrvg",
                "mangledName": "$s8Instabug0A10TracedViewV4bodyQrvg",
                "moduleName": "Instabug",
                "genericSig": "<τ_0_0 where τ_0_0 : SwiftUI.View>",
                "sugared_genericSig": "<Content where Content : SwiftUI.View>",
                "accessorKind": "get"
              }
            ]
          }
        ],
        "declKind": "Struct",
        "usr": "s:8Instabug0A10TracedViewV",
        "mangledName": "$s8Instabug0A10TracedViewV",
        "moduleName": "Instabug",
        "genericSig": "<τ_0_0 where τ_0_0 : SwiftUI.View>",
        "sugared_genericSig": "<Content where Content : SwiftUI.View>",
        "intro_iOS": "13.0",
        "intro_tvOS": "13.0",
        "declAttributes": [
          "AccessControl",
          "Available",
          "Available"
        ],
        "conformances": [
          {
            "kind": "Conformance",
            "name": "View",
            "printedName": "View",
            "children": [
              {
                "kind": "TypeWitness",
                "name": "Body",
                "printedName": "Body",
                "children": [
                  {
                    "kind": "TypeNominal",
                    "name": "AnyView",
                    "printedName": "SwiftUI.AnyView",
                    "usr": "s:7SwiftUI7AnyViewV"
                  }
                ]
              }
            ],
            "usr": "s:7SwiftUI4ViewP",
            "mangledName": "$s7SwiftUI4ViewP"
          }
        ]
      },
      {
        "kind": "Import",
        "name": "Foundation",
        "printedName": "Foundation",
        "declKind": "Import",
        "moduleName": "Instabug",
        "declAttributes": [
          "RawDocComment"
        ]
      },
      {
        "kind": "Import",
        "name": "SwiftUI",
        "printedName": "SwiftUI",
        "declKind": "Import",
        "moduleName": "Instabug",
        "declAttributes": [
          "RawDocComment"
        ]
      },
      {
        "kind": "Import",
        "name": "SwiftUI",
        "printedName": "SwiftUI",
        "declKind": "Import",
        "moduleName": "Instabug",
        "declAttributes": [
          "RawDocComment"
        ]
      },
      {
        "kind": "TypeDecl",
        "name": "InstabugPrivateView",
        "printedName": "InstabugPrivateView",
        "children": [
          {
            "kind": "Constructor",
            "name": "init",
            "printedName": "init(content:)",
            "children": [
              {
                "kind": "TypeNominal",
                "name": "InstabugPrivateView",
                "printedName": "Instabug.InstabugPrivateView<τ_0_0>",
                "children": [
                  {
                    "kind": "TypeNominal",
                    "name": "GenericTypeParam",
                    "printedName": "τ_0_0"
                  }
                ],
                "usr": "s:8Instabug0A11PrivateViewV"
              },
              {
                "kind": "TypeFunc",
                "name": "Function",
                "printedName": "() -> τ_0_0",
                "children": [
                  {
                    "kind": "TypeNominal",
                    "name": "GenericTypeParam",
                    "printedName": "τ_0_0"
                  },
                  {
                    "kind": "TypeNominal",
                    "name": "Void",
                    "printedName": "()"
                  }
                ],
                "typeAttributes": [
                  "noescape"
                ]
              }
            ],
            "declKind": "Constructor",
            "usr": "s:8Instabug0A11PrivateViewV7contentACyxGxyXE_tcfc",
            "mangledName": "$s8Instabug0A11PrivateViewV7contentACyxGxyXE_tcfc",
            "moduleName": "Instabug",
            "genericSig": "<τ_0_0 where τ_0_0 : SwiftUI.View>",
            "sugared_genericSig": "<Content where Content : SwiftUI.View>",
            "declAttributes": [
              "AccessControl"
            ],
            "init_kind": "Designated"
          },
          {
            "kind": "Var",
            "name": "body",
            "printedName": "body",
            "children": [
              {
                "kind": "TypeNominal",
                "name": "AnyView",
                "printedName": "SwiftUI.AnyView",
                "usr": "s:7SwiftUI7AnyViewV"
              }
            ],
            "declKind": "Var",
            "usr": "s:8Instabug0A11PrivateViewV4bodyQrvp",
            "mangledName": "$s8Instabug0A11PrivateViewV4bodyQrvp",
            "moduleName": "Instabug",
            "declAttributes": [
              "Custom",
              "AccessControl"
            ],
            "accessors": [
              {
                "kind": "Accessor",
                "name": "Get",
                "printedName": "Get()",
                "children": [
                  {
                    "kind": "TypeNominal",
                    "name": "AnyView",
                    "printedName": "SwiftUI.AnyView",
                    "usr": "s:7SwiftUI7AnyViewV"
                  }
                ],
                "declKind": "Accessor",
                "usr": "s:8Instabug0A11PrivateViewV4bodyQrvg",
                "mangledName": "$s8Instabug0A11PrivateViewV4bodyQrvg",
                "moduleName": "Instabug",
                "genericSig": "<τ_0_0 where τ_0_0 : SwiftUI.View>",
                "sugared_genericSig": "<Content where Content : SwiftUI.View>",
                "accessorKind": "get"
              }
            ]
          }
        ],
        "declKind": "Struct",
        "usr": "s:8Instabug0A11PrivateViewV",
        "mangledName": "$s8Instabug0A11PrivateViewV",
        "moduleName": "Instabug",
        "genericSig": "<τ_0_0 where τ_0_0 : SwiftUI.View>",
        "sugared_genericSig": "<Content where Content : SwiftUI.View>",
        "intro_iOS": "13.0",
        "intro_tvOS": "13.0",
        "declAttributes": [
          "AccessControl",
          "Available",
          "Available"
        ],
        "conformances": [
          {
            "kind": "Conformance",
            "name": "View",
            "printedName": "View",
            "children": [
              {
                "kind": "TypeWitness",
                "name": "Body",
                "printedName": "Body",
                "children": [
                  {
                    "kind": "TypeNominal",
                    "name": "AnyView",
                    "printedName": "SwiftUI.AnyView",
                    "usr": "s:7SwiftUI7AnyViewV"
                  }
                ]
              }
            ],
            "usr": "s:7SwiftUI4ViewP",
            "mangledName": "$s7SwiftUI4ViewP"
          }
        ]
      },
      {
        "kind": "TypeDecl",
        "name": "View",
        "printedName": "View",
        "children": [
          {
            "kind": "Function",
            "name": "instabugTracedView",
            "printedName": "instabugTracedView(name:)",
            "children": [
              {
                "kind": "TypeNominal",
                "name": "InstabugTracedView",
                "printedName": "Instabug.InstabugTracedView<τ_0_0>",
                "children": [
                  {
                    "kind": "TypeNominal",
                    "name": "GenericTypeParam",
                    "printedName": "τ_0_0"
                  }
                ],
                "usr": "s:8Instabug0A10TracedViewV"
              },
              {
                "kind": "TypeNominal",
                "name": "String",
                "printedName": "Swift.String",
                "usr": "s:SS"
              }
            ],
            "declKind": "Func",
            "usr": "s:7SwiftUI4ViewP8InstabugE014instabugTracedC04nameQrSS_tF",
            "mangledName": "$s7SwiftUI4ViewP8InstabugE014instabugTracedC04nameQrSS_tF",
            "moduleName": "Instabug",
            "genericSig": "<τ_0_0 where τ_0_0 : SwiftUI.View>",
            "sugared_genericSig": "<Self where Self : SwiftUI.View>",
            "isFromExtension": true,
            "funcSelfKind": "NonMutating"
          },
          {
            "kind": "Function",
            "name": "instabug_privateView",
            "printedName": "instabug_privateView()",
            "children": [
              {
                "kind": "TypeNominal",
                "name": "InstabugPrivateView",
                "printedName": "Instabug.InstabugPrivateView<τ_0_0>",
                "children": [
                  {
                    "kind": "TypeNominal",
                    "name": "GenericTypeParam",
                    "printedName": "τ_0_0"
                  }
                ],
                "usr": "s:8Instabug0A11PrivateViewV"
              }
            ],
            "declKind": "Func",
            "usr": "s:7SwiftUI4ViewP8InstabugE016instabug_privateC0QryF",
            "mangledName": "$s7SwiftUI4ViewP8InstabugE016instabug_privateC0QryF",
            "moduleName": "Instabug",
            "genericSig": "<τ_0_0 where τ_0_0 : SwiftUI.View>",
            "sugared_genericSig": "<Self where Self : SwiftUI.View>",
            "isFromExtension": true,
            "funcSelfKind": "NonMutating"
          }
        ],
        "declKind": "Protocol",
        "usr": "s:7SwiftUI4ViewP",
        "mangledName": "$s7SwiftUI4ViewP",
        "moduleName": "SwiftUI",
        "genericSig": "<τ_0_0.Body : SwiftUI.View>",
        "sugared_genericSig": "<Self.Body : SwiftUI.View>",
        "intro_Macosx": "10.15",
        "intro_iOS": "13.0",
        "intro_tvOS": "13.0",
        "intro_watchOS": "6.0",
        "declAttributes": [
          "TypeEraser",
          "Available",
          "Available",
          "Available",
          "Available"
        ],
        "isExternal": true
      }
    ],
    "json_format_version": 8
  },
  "ConstValues": [
    {
      "filePath": "\/Users\/distiller\/project\/Instabug\/InstabugUserSteps\/InstabugViewControllerRepresentable.swift",
      "kind": "IntegerLiteral",
      "offset": 226,
      "length": 2,
      "value": "80"
    },
    {
      "filePath": "\/Users\/distiller\/project\/Instabug\/InstabugUserSteps\/InstabugViewControllerRepresentable.swift",
      "kind": "BooleanLiteral",
      "offset": 466,
      "length": 5,
      "value": "false"
    },
    {
      "filePath": "\/Users\/distiller\/project\/Instabug\/InstabugUserSteps\/InstabugViewControllerRepresentable.swift",
      "kind": "BooleanLiteral",
      "offset": 1216,
      "length": 5,
      "value": "false"
    },
    {
      "filePath": "\/Users\/distiller\/project\/Instabug\/InstabugUserSteps\/InstabugPrivateViewRepresentable.swift",
      "kind": "BooleanLiteral",
      "offset": 615,
      "length": 4,
      "value": "true"
    }
  ]
}